98305753,Ezekiel,,Ruiz
98305754,Ramona,,Horton
98305755,Raphael,,Kramer
98305756,Cassandra,Randall,Witt
98305757,Orlando,Branden,Dodson
98305758,Quentin,,Clay
98305759,Fuller,,Frye
98305760,Zeph,Lacota,Serrano
98305761,Rooney,,Horton
98305762,Quon,,Ochoa
98305763,Lionel,Kuame,Wood
98305764,Burton,Willa,Frost
98305765,Dominic,Hyatt,Kirkland
98305766,James,,Harrington
98305767,Melinda,Doris,Chen
98305768,Ezekiel,,Ruiz
98305769,Ramona,,Horton
98305770,Raphael,,Kramer
98305771,Cassandra,Randall,Witt
98305772,Orlando,Branden,Dodson
98305773,Quentin,,Clay
98305774,Fuller,,Frye
98305775,Zeph,Lacota,Serrano
98305776,Rooney,,Horton
98305777,Quon,,Ochoa
98305778,Lionel,Kuame,Wood
98305779,Burton,Willa,Frost
98305780,Dominic,Hyatt,Kirkland
98305781,James,,Harrington
98305782,Melinda,Doris,Chen
98305783,Ezekiel,,Ruiz
98305784,Ramona,,Horton
